,label_old
0,[]
1,[1]
2,[1]
3,[]
4,[1]
5,[1]
6,[1]
7,[1]
8,[]
9,[1]
10,[1]
11,[1]
12,[1]
13,[1]
14,[1]
15,[1]
16,[1]
17,[1]
18,[1]
19,[1]
20,[]
21,[]
22,[1]
23,[1]
24,[1]
25,[1]
26,[]
27,[1]
28,[1]
29,[]
30,[1]
31,[]
32,[1]
33,[1]
34,[]
35,[]
36,[]
37,[]
38,[1]
39,[1]
40,[1]
41,[1]
42,[1]
43,[1]
44,[]
45,[1]
46,[]
47,[1]
48,[1]
49,[1]
50,[]
51,[1]
52,[1]
53,[]
54,[1]
55,[1]
56,[]
57,[1]
58,[1]
59,[]
60,[1]
61,[1]
62,[1]
63,[1]
64,[1]
65,[1]
66,[1]
67,[]
68,[1]
69,[1]
70,[]
71,[1]
72,[]
73,[1]
74,[1]
75,[1]
76,[1]
77,[]
78,[1]
79,[1]
80,[1]
81,[]
82,[1]
83,[1]
84,[1]
85,[1]
86,[1]
87,[1]
88,[1]
89,[1]
90,[1]
91,[]
92,[]
93,[1]
94,[1]
95,[1]
96,[1]
97,[]
98,[1]
99,[1]
100,[1]
101,[]
102,[]
103,[1]
104,[]
105,[]
106,[1]
107,[1]
108,[]
109,[1]
110,[1]
111,[]
112,[1]
113,[1]
114,[1]
115,[1]
116,[]
117,[]
118,[]
119,[1]
120,[1]
121,[1]
122,[]
123,[]
124,[1]
125,[1]
126,[1]
127,[]
128,[1]
129,[1]
130,[1]
131,[1]
132,[1]
133,[]
134,[1]
135,[1]
136,[]
137,[1]
138,[1]
139,[]
140,[1]
141,[]
142,[1]
143,[1]
144,[1]
145,[1]
146,[1]
147,[1]
148,[1]
149,[1]
150,[1]
151,[]
152,[]
153,[]
154,[]
155,[1]
156,[]
157,[]
158,[1]
159,[1]
160,[]
161,[]
162,[1]
163,[1]
164,[1]
165,[1]
166,[1]
167,[1]
168,[]
169,[]
170,[]
171,[]
172,[1]
173,[1]
174,[1]
175,[1]
176,[1]
177,[1]
178,[]
179,[1]
180,[]
181,[1]
182,[1]
183,[1]
184,[1]
185,[1]
186,[1]
187,[1]
188,[]
189,[1]
190,[]
191,[]
192,[1]
193,[1]
194,[1]
195,[1]
196,[1]
197,[1]
198,[1]
199,[1]
200,[]
201,[]
202,[1]
203,[]
204,[1]
205,[]
206,[1]
207,[1]
208,[]
209,[1]
210,[]
211,[1]
212,[1]
213,[1]
214,[1]
215,[1]
216,[]
217,[1]
218,[]
219,[1]
220,[1]
221,[1]
222,[1]
223,[1]
224,[1]
225,[1]
226,[]
227,[1]
228,[1]
229,[1]
230,[]
231,[1]
232,[]
233,[1]
234,[1]
235,[1]
236,[1]
237,[]
238,[]
239,[1]
240,[]
241,[1]
242,[]
243,[1]
244,[1]
245,[1]
246,[]
247,[1]
248,[]
249,[1]
250,[1]
251,[]
252,[]
253,[1]
254,[1]
255,[1]
256,[]
257,[]
258,[1]
259,[1]
260,[1]
261,[1]
262,[1]
263,[1]
264,[1]
265,[1]
266,[1]
267,[1]
268,[1]
269,[1]
270,[1]
271,[1]
272,[1]
273,[1]
274,[]
275,[1]
276,[]
277,[1]
278,[1]
279,[1]
280,[]
281,[1]
282,[]
283,[1]
284,[1]
285,[1]
286,[1]
287,[]
288,[]
289,[1]
290,[1]
291,[1]
292,[1]
293,[1]
294,[1]
295,[1]
296,[]
297,[1]
298,[1]
299,[]
300,[1]
301,[]
302,[1]
303,[1]
304,[1]
305,[]
306,[]
307,[1]
308,[]
309,[1]
310,[1]
311,[1]
312,[1]
313,[1]
314,[]
315,[1]
316,[]
317,[1]
318,[1]
319,[1]
320,[1]
321,[1]
322,[]
323,[]
324,[]
325,[1]
326,[1]
327,[]
328,[1]
329,[1]
330,[]
331,[1]
332,[]
333,[1]
334,[1]
335,[1]
336,[1]
337,[]
338,[1]
339,[1]
340,[]
341,[]
342,[1]
343,[1]
344,[1]
345,[1]
346,[1]
347,[]
348,[1]
349,[1]
350,[]
351,[1]
352,[]
353,[]
354,[1]
355,[1]
356,[1]
357,[1]
358,[1]
359,[]
360,[1]
361,[1]
362,[1]
363,[]
364,[1]
365,[]
366,[1]
367,[]
368,[1]
369,[1]
370,[]
371,[1]
372,[]
373,[1]
374,[]
375,[]
376,[]
377,[]
378,[1]
379,[1]
380,[1]
381,[1]
382,[1]
383,[1]
384,[1]
385,[1]
386,[1]
387,[]
388,[1]
389,[1]
390,[]
391,[1]
392,[]
393,[1]
394,[1]
395,[1]
396,[1]
397,[1]
398,[1]
399,[]
400,[]
401,[1]
402,[1]
403,[1]
404,[1]
405,[]
406,[1]
407,[1]
408,[1]
409,[]
410,[1]
411,[1]
412,[1]
413,[1]
414,[1]
415,[]
416,[1]
417,[1]
418,[1]
419,[]
420,[1]
421,[1]
422,[1]
423,[1]
424,[1]
425,[1]
426,[1]
427,[1]
428,[1]
429,[1]
430,[]
431,[1]
432,[]
433,[]
434,[1]
435,[1]
436,[1]
437,[1]
438,[1]
439,[]
440,[1]
441,[1]
442,[1]
443,[]
444,[1]
445,[1]
446,[1]
447,[1]
448,[1]
449,[1]
450,[]
451,[]
452,[1]
453,[]
454,[1]
455,[1]
456,[1]
457,[]
458,[]
459,[1]
460,[1]
461,[1]
462,[1]
463,[1]
464,[]
465,[1]
466,[1]
467,[1]
468,[1]
469,[]
470,[1]
471,[1]
472,[]
473,[1]
474,[]
475,[1]
476,[1]
477,[]
478,[1]
479,[1]
480,[1]
481,[1]
482,[1]
483,[1]
484,[]
485,[]
486,[1]
487,[1]
488,[]
489,[1]
490,[1]
491,[]
492,[]
493,[1]
494,[1]
495,[1]
496,[1]
497,[]
498,[1]
499,[1]
500,[1]
501,[1]
502,[1]
503,[1]
504,[1]
505,[1]
506,[]
507,[]
508,[1]
509,[1]
510,[1]
511,[1]
512,[1]
513,[1]
514,[1]
515,[]
516,[]
517,[1]
518,[1]
519,[]
520,[1]
521,[1]
522,[]
523,[1]
524,[]
525,[1]
526,[]
527,[1]
528,[]
529,[1]
530,[1]
531,[1]
532,[1]
533,[1]
534,[1]
535,[]
536,[1]
537,[1]
538,[1]
539,[]
540,[1]
541,[]
542,[1]
543,[1]
544,[1]
545,[1]
546,[1]
547,[]
548,[1]
549,[1]
550,[]
551,[1]
552,[1]
553,[1]
554,[]
555,[]
556,[1]
557,[1]
558,[1]
559,[1]
560,[]
561,[1]
562,[1]
563,[1]
564,[1]
565,[1]
566,[1]
567,[1]
568,[]
569,[1]
570,[1]
571,[1]
572,[1]
573,[]
574,[1]
575,[]
576,[1]
577,[]
578,[1]
579,[]
580,[1]
581,[1]
582,[1]
583,[]
584,[1]
585,[1]
586,[]
587,[1]
588,[]
589,[1]
590,[]
591,[]
592,[1]
593,[1]
594,[]
595,[]
596,[]
597,[1]
598,[]
599,[]
600,[1]
601,[]
602,[]
603,[]
604,[1]
605,[]
606,[]
607,[]
608,[]
609,[1]
610,[1]
611,[1]
612,[1]
613,[1]
614,[]
615,[1]
616,[1]
617,[]
618,[1]
619,[]
620,[1]
621,[1]
622,[]
623,[]
624,[]
625,[1]
626,[1]
627,[]
628,[1]
629,[1]
630,[1]
631,[]
632,[1]
633,[1]
634,[]
635,[]
636,[1]
637,[1]
638,[]
639,[]
640,[1]
641,[]
642,[1]
643,[1]
644,[1]
645,[1]
646,[1]
647,[1]
648,[]
649,[]
650,[1]
651,[1]
652,[1]
653,[1]
654,[1]
655,[1]
656,[]
657,[]
658,[1]
659,[1]
660,[]
661,[1]
662,[1]
663,[1]
664,[1]
665,[1]
666,[1]
667,[1]
668,[1]
669,[1]
670,[]
671,[1]
672,[1]
673,[1]
674,[1]
675,[1]
676,[1]
677,[]
678,[1]
679,[1]
680,[]
681,[1]
682,[1]
683,[1]
684,[1]
685,[1]
686,[1]
687,[]
688,[]
689,[1]
690,[1]
691,[1]
692,[1]
693,[1]
694,[]
695,[1]
696,[]
697,[1]
698,[1]
699,[1]
700,[1]
701,[]
702,[]
703,[1]
704,[1]
705,[1]
706,[1]
707,[]
708,[]
709,[1]
710,[1]
711,[1]
712,[1]
713,[]
714,[1]
715,[1]
716,[1]
717,[1]
718,[1]
719,[]
720,[1]
721,[1]
722,[1]
723,[1]
724,[1]
725,[1]
726,[1]
727,[1]
728,[]
729,[]
730,[]
731,[]
732,[]
733,[]
734,[1]
735,[1]
736,[1]
737,[]
738,[1]
739,[]
740,[1]
741,[]
742,[1]
743,[1]
744,[1]
745,[1]
746,[1]
747,[1]
748,[1]
749,[1]
750,[]
751,[1]
752,[1]
753,[1]
754,[1]
755,[1]
756,[]
757,[]
758,[1]
759,[]
760,[]
761,[]
762,[]
763,[1]
764,[1]
765,[]
766,[1]
767,[]
768,[1]
769,[1]
770,[1]
771,[1]
772,[1]
773,[1]
774,[1]
775,[1]
776,[]
777,[]
778,[1]
779,[1]
780,[]
781,[1]
782,[1]
783,[1]
784,[1]
785,[1]
786,[]
787,[]
788,[1]
789,[1]
790,[1]
791,[]
792,[]
793,[1]
794,[1]
795,[]
796,[1]
797,[1]
798,[]
799,[1]
800,[]
801,[1]
802,[1]
803,[]
804,[]
805,[1]
806,[]
807,[1]
808,[1]
809,[1]
810,[1]
811,[]
812,[]
813,[1]
814,[1]
815,[]
816,[]
817,[1]
818,[1]
819,[1]
820,[]
821,[]
822,[1]
823,[1]
824,[1]
825,[1]
826,[1]
827,[1]
828,[1]
829,[1]
830,[1]
831,[1]
832,[1]
833,[1]
834,[]
835,[1]
836,[1]
837,[]
838,[]
839,[1]
840,[1]
841,[1]
842,[]
843,[1]
844,[]
845,[1]
846,[1]
847,[1]
848,[]
849,[1]
850,[]
851,[1]
852,[1]
853,[1]
854,[]
855,[1]
856,[]
857,[1]
858,[]
859,[1]
860,[]
861,[]
862,[]
863,[1]
864,[1]
865,[]
866,[]
867,[]
868,[]
869,[1]
870,[1]
871,[]
872,[]
873,[1]
874,[1]
875,[1]
876,[1]
877,[1]
878,[1]
879,[1]
880,[1]
881,[1]
882,[]
883,[]
884,[1]
885,[1]
886,[1]
887,[1]
888,[1]
889,[1]
890,[]
891,[1]
892,[]
893,[1]
894,[]
895,[1]
896,[]
897,[1]
898,[1]
899,[]
900,[]
901,[1]
902,[1]
903,[]
904,[1]
905,[]
906,[1]
907,[1]
908,[1]
909,[1]
910,[]
911,[1]
912,[1]
913,[1]
914,[]
915,[1]
916,[1]
917,[1]
918,[1]
919,[1]
920,[]
921,[1]
922,[1]
923,[]
924,[1]
925,[1]
926,[]
927,[1]
928,[1]
929,[]
930,[1]
931,[1]
932,[1]
933,[1]
934,[]
935,[1]
936,[]
937,[1]
938,[1]
939,[1]
940,[1]
941,[1]
942,[1]
943,[1]
944,[]
945,[]
946,[1]
947,[1]
948,[1]
949,[1]
950,[1]
951,[1]
952,[1]
953,[1]
954,[1]
955,[1]
956,[1]
957,[1]
958,[1]
959,[1]
960,[]
961,[1]
962,[1]
963,[1]
964,[1]
965,[1]
966,[1]
967,[1]
968,[]
969,[1]
970,[1]
971,[]
972,[1]
973,[1]
974,[1]
975,[]
976,[1]
977,[1]
978,[1]
979,[1]
980,[]
981,[]
982,[1]
983,[1]
984,[1]
985,[]
986,[1]
987,[]
988,[1]
989,[1]
990,[1]
991,[1]
992,[1]
993,[1]
994,[1]
995,[1]
996,[1]
997,[]
998,[1]
999,[1]
1000,[]
1001,[1]
1002,[1]
1003,[]
1004,[1]
1005,[]
1006,[]
1007,[]
1008,[1]
1009,[1]
1010,[1]
1011,[1]
1012,[1]
1013,[1]
1014,[1]
1015,[1]
1016,[1]
1017,[1]
1018,[1]
1019,[1]
1020,[1]
1021,[1]
1022,[1]
1023,[1]
1024,[1]
1025,[1]
1026,[1]
1027,[1]
1028,[1]
1029,[]
1030,[1]
1031,[1]
1032,[]
1033,[1]
1034,[1]
1035,[1]
1036,[1]
1037,[]
1038,[1]
1039,[]
1040,[]
1041,[1]
1042,[1]
1043,[1]
1044,[1]
1045,[1]
1046,[]
1047,[1]
1048,[1]
1049,[1]
1050,[1]
1051,[1]
1052,[1]
1053,[1]
1054,[1]
1055,[1]
1056,[1]
1057,[]
1058,[1]
1059,[1]
1060,[1]
1061,[]
1062,[1]
1063,[]
1064,[1]
1065,[1]
1066,[1]
1067,[1]
1068,[1]
1069,[1]
1070,[1]
1071,[]
1072,[1]
1073,[1]
1074,[1]
1075,[1]
1076,[1]
1077,[]
1078,[1]
1079,[1]
1080,[1]
1081,[1]
1082,[1]
1083,[1]
1084,[1]
1085,[1]
1086,[1]
1087,[]
1088,[1]
1089,[1]
1090,[1]
1091,[1]
1092,[]
1093,[1]
1094,[]
1095,[1]
1096,[1]
1097,[]
1098,[1]
1099,[1]
1100,[1]
1101,[1]
1102,[1]
1103,[]
1104,[]
1105,[1]
1106,[1]
1107,[1]
1108,[]
1109,[1]
1110,[1]
1111,[1]
1112,[]
1113,[1]
1114,[1]
1115,[1]
1116,[1]
1117,[1]
1118,[1]
1119,[1]
1120,[1]
1121,[1]
1122,[]
1123,[1]
1124,[1]
1125,[1]
1126,[1]
1127,[1]
1128,[]
1129,[1]
1130,[1]
1131,[]
1132,[1]
1133,[]
1134,[1]
1135,[1]
1136,[1]
1137,[]
1138,[1]
1139,[]
1140,[]
1141,[1]
1142,[]
1143,[1]
1144,[1]
1145,[1]
1146,[1]
1147,[]
1148,[1]
1149,[1]
1150,[1]
1151,[1]
1152,[]
1153,[]
1154,[1]
1155,[1]
1156,[1]
1157,[1]
1158,[1]
1159,[]
1160,[]
1161,[1]
1162,[1]
1163,[1]
1164,[1]
1165,[1]
1166,[1]
1167,[1]
1168,[]
1169,[1]
1170,[1]
1171,[1]
1172,[]
1173,[1]
1174,[1]
1175,[]
1176,[]
1177,[1]
1178,[1]
1179,[1]
1180,[1]
1181,[1]
1182,[1]
1183,[1]
1184,[]
1185,[]
1186,[1]
1187,[]
1188,[]
1189,[1]
1190,[]
1191,[]
1192,[1]
1193,[1]
1194,[1]
1195,[1]
1196,[1]
1197,[1]
1198,[1]
1199,[]
1200,[]
1201,[1]
1202,[1]
1203,[1]
1204,[1]
1205,[1]
1206,[1]
1207,[1]
1208,[1]
1209,[]
1210,[]
1211,[]
1212,[1]
1213,[1]
1214,[1]
1215,[]
1216,[]
1217,[1]
1218,[1]
1219,[]
1220,[]
1221,[1]
1222,[1]
1223,[1]
1224,[1]
1225,[]
1226,[]
1227,[]
1228,[1]
1229,[1]
1230,[1]
1231,[1]
1232,[1]
1233,[1]
1234,[1]
1235,[1]
1236,[1]
1237,[1]
1238,[]
1239,[]
1240,[1]
1241,[1]
1242,[]
1243,[1]
1244,[]
1245,[]
1246,[1]
1247,[]
1248,[]
1249,[1]
1250,[]
1251,[]
1252,[1]
1253,[1]
1254,[1]
1255,[]
1256,[1]
1257,[]
1258,[1]
1259,[1]
1260,[1]
1261,[1]
1262,[]
1263,[]
1264,[1]
1265,[1]
1266,[1]
1267,[1]
1268,[1]
1269,[1]
1270,[1]
1271,[1]
1272,[1]
1273,[1]
1274,[1]
1275,[1]
1276,[1]
1277,[1]
1278,[1]
1279,[1]
1280,[1]
1281,[]
1282,[1]
1283,[1]
1284,[1]
1285,[]
1286,[1]
1287,[]
1288,[]
1289,[1]
1290,[]
1291,[]
1292,[]
1293,[1]
1294,[1]
1295,[1]
1296,[1]
1297,[1]
1298,[1]
1299,[1]
1300,[1]
1301,[1]
1302,[1]
1303,[]
1304,[]
1305,[]
1306,[]
1307,[1]
1308,[1]
1309,[1]
1310,[1]
1311,[1]
1312,[1]
1313,[1]
1314,[1]
1315,[]
1316,[1]
1317,[1]
1318,[]
1319,[1]
1320,[1]
1321,[1]
1322,[1]
1323,[1]
1324,[1]
1325,[]
1326,[]
1327,[1]
1328,[1]
1329,[1]
1330,[]
1331,[]
1332,[1]
1333,[1]
1334,[]
1335,[1]
1336,[1]
1337,[1]
1338,[]
1339,[1]
1340,[]
1341,[1]
1342,[]
1343,[1]
1344,[1]
1345,[1]
1346,[1]
1347,[1]
1348,[]
1349,[1]
1350,[]
1351,[1]
1352,[1]
1353,[1]
1354,[1]
1355,[1]
1356,[1]
1357,[1]
1358,[1]
1359,[]
1360,[1]
1361,[]
1362,[1]
1363,[1]
1364,[1]
1365,[1]
1366,[]
1367,[1]
1368,[1]
1369,[1]
1370,[1]
1371,[1]
1372,[1]
1373,[1]
1374,[1]
1375,[1]
1376,[]
1377,[1]
1378,[]
1379,[1]
1380,[1]
1381,[1]
1382,[1]
1383,[]
1384,[1]
1385,[1]
1386,[1]
1387,[1]
1388,[1]
1389,[]
1390,[1]
1391,[1]
1392,[]
1393,[1]
1394,[1]
1395,[]
1396,[1]
1397,[]
1398,[]
1399,[1]
1400,[1]
1401,[1]
1402,[1]
1403,[1]
1404,[]
1405,[1]
1406,[1]
1407,[1]
1408,[1]
1409,[]
1410,[1]
1411,[]
1412,[1]
1413,[1]
1414,[1]
1415,[1]
1416,[]
1417,[]
1418,[]
1419,[1]
1420,[1]
1421,[]
1422,[1]
1423,[]
1424,[1]
1425,[1]
1426,[1]
1427,[1]
1428,[1]
1429,[]
1430,[1]
1431,[1]
1432,[]
1433,[1]
1434,[1]
1435,[1]
1436,[]
1437,[1]
1438,[1]
1439,[1]
1440,[1]
1441,[1]
1442,[1]
1443,[1]
1444,[]
1445,[1]
1446,[1]
1447,[]
1448,[]
1449,[1]
1450,[1]
1451,[1]
1452,[1]
1453,[1]
1454,[]
1455,[1]
1456,[]
1457,[1]
1458,[]
1459,[1]
1460,[1]
1461,[]
1462,[1]
1463,[1]
1464,[1]
1465,[1]
1466,[1]
1467,[1]
1468,[]
1469,[1]
1470,[1]
1471,[]
1472,[1]
1473,[1]
1474,[]
1475,[1]
1476,[1]
1477,[1]
1478,[1]
1479,[1]
1480,[1]
1481,[1]
1482,[1]
1483,[]
1484,[1]
1485,[]
1486,[]
1487,[1]
1488,[1]
1489,[1]
1490,[1]
1491,[1]
1492,[]
1493,[]
1494,[1]
1495,[1]
1496,[1]
1497,[1]
1498,[1]
1499,[]
1500,[1]
1501,[]
1502,[]
1503,[1]
1504,[1]
1505,[1]
1506,[1]
1507,[1]
1508,[1]
1509,[1]
1510,[]
1511,[]
1512,[]
1513,[1]
1514,[1]
1515,[1]
1516,[1]
1517,[]
1518,[1]
1519,[]
1520,[1]
1521,[1]
1522,[1]
1523,[1]
1524,[1]
1525,[1]
1526,[1]
1527,[]
1528,[1]
1529,[1]
1530,[1]
1531,[]
1532,[1]
1533,[]
1534,[1]
1535,[]
1536,[1]
1537,[]
1538,[1]
1539,[]
1540,[1]
1541,[1]
1542,[1]
1543,[1]
1544,[1]
1545,[1]
1546,[1]
1547,[1]
1548,[]
1549,[]
1550,[]
1551,[]
1552,[1]
1553,[1]
1554,[]
1555,[]
1556,[]
1557,[]
1558,[1]
1559,[1]
1560,[1]
1561,[1]
1562,[1]
1563,[1]
1564,[1]
1565,[1]
1566,[1]
1567,[1]
1568,[]
1569,[]
1570,[1]
1571,[1]
1572,[1]
1573,[]
1574,[]
1575,[1]
1576,[1]
1577,[1]
1578,[1]
1579,[1]
1580,[1]
1581,[1]
1582,[]
1583,[]
1584,[1]
1585,[1]
1586,[1]
1587,[1]
1588,[1]
1589,[1]
1590,[]
1591,[]
1592,[1]
1593,[1]
1594,[1]
1595,[1]
1596,[1]
1597,[1]
1598,[]
1599,[1]
1600,[1]
1601,[1]
1602,[1]
1603,[1]
1604,[1]
1605,[]
1606,[]
1607,[]
1608,[1]
1609,[1]
1610,[1]
1611,[1]
1612,[1]
1613,[1]
1614,[1]
1615,[1]
1616,[1]
1617,[1]
1618,[1]
1619,[1]
1620,[]
1621,[1]
1622,[1]
1623,[1]
1624,[]
1625,[]
1626,[1]
1627,[1]
1628,[1]
1629,[1]
1630,[1]
1631,[]
1632,[1]
1633,[1]
1634,[1]
1635,[]
1636,[]
1637,[1]
1638,[1]
1639,[]
1640,[1]
1641,[]
1642,[1]
1643,[1]
1644,[]
1645,[1]
1646,[]
1647,[1]
1648,[1]
1649,[1]
1650,[]
1651,[]
1652,[1]
1653,[1]
1654,[1]
1655,[]
1656,[]
1657,[1]
1658,[1]
1659,[1]
1660,[1]
1661,[1]
1662,[1]
1663,[1]
1664,[1]
1665,[1]
1666,[]
1667,[]
1668,[]
1669,[]
1670,[1]
1671,[1]
1672,[1]
1673,[1]
1674,[]
1675,[1]
1676,[1]
1677,[1]
1678,[1]
1679,[]
1680,[1]
1681,[]
1682,[]
1683,[1]
1684,[1]
1685,[1]
1686,[1]
1687,[]
1688,[1]
1689,[1]
1690,[]
1691,[]
1692,[1]
1693,[1]
1694,[1]
1695,[1]
1696,[1]
1697,[]
1698,[1]
1699,[]
1700,[1]
1701,[]
1702,[1]
1703,[]
1704,[]
1705,[]
1706,[1]
1707,[]
1708,[1]
1709,[1]
1710,[1]
1711,[]
1712,[1]
1713,[1]
1714,[1]
1715,[]
1716,[]
1717,[1]
1718,[1]
1719,[1]
1720,[]
1721,[]
1722,[1]
1723,[1]
1724,[1]
1725,[]
1726,[1]
1727,[1]
1728,[]
1729,[]
1730,[]
1731,[]
1732,[1]
1733,[1]
1734,[]
1735,[1]
1736,[1]
1737,[1]
1738,[1]
1739,[]
1740,[1]
1741,[1]
1742,[1]
1743,[1]
1744,[]
1745,[]
1746,[1]
1747,[]
1748,[1]
1749,[1]
1750,[1]
1751,[1]
1752,[]
1753,[1]
1754,[1]
1755,[1]
1756,[1]
1757,[1]
1758,[1]
1759,[1]
1760,[1]
1761,[1]
1762,[1]
1763,[1]
1764,[1]
1765,[1]
1766,[1]
1767,[1]
1768,[1]
1769,[1]
1770,[1]
1771,[]
1772,[1]
1773,[1]
1774,[]
1775,[1]
1776,[1]
1777,[1]
1778,[1]
1779,[1]
1780,[]
1781,[]
1782,[1]
1783,[]
1784,[1]
1785,[1]
1786,[1]
1787,[]
1788,[]
1789,[]
1790,[1]
1791,[1]
1792,[1]
1793,[]
1794,[1]
1795,[1]
1796,[1]
1797,[1]
1798,[1]
1799,[]
1800,[1]
1801,[1]
1802,[1]
1803,[1]
1804,[]
1805,[1]
1806,[1]
1807,[1]
1808,[]
1809,[1]
1810,[1]
1811,[]
1812,[1]
1813,[]
1814,[]
1815,[1]
1816,[1]
1817,[1]
1818,[1]
1819,[1]
1820,[1]
1821,[1]
1822,[1]
1823,[1]
1824,[1]
1825,[1]
1826,[1]
1827,[1]
1828,[1]
1829,[]
1830,[]
1831,[1]
1832,[1]
1833,[]
1834,[1]
1835,[]
1836,[]
1837,[1]
1838,[1]
1839,[1]
1840,[1]
1841,[]
1842,[1]
1843,[1]
1844,[]
1845,[1]
1846,[1]
1847,[1]
1848,[1]
1849,[]
1850,[1]
1851,[1]
1852,[]
1853,[1]
1854,[]
1855,[1]
1856,[1]
1857,[1]
1858,[1]
1859,[1]
1860,[]
1861,[1]
1862,[]
1863,[1]
1864,[1]
1865,[1]
1866,[1]
1867,[1]
1868,[1]
1869,[]
1870,[1]
1871,[1]
1872,[1]
1873,[1]
1874,[1]
1875,[1]
1876,[1]
1877,[]
1878,[1]
1879,[1]
1880,[1]
1881,[]
1882,[1]
1883,[1]
1884,[1]
1885,[]
1886,[1]
1887,[]
1888,[1]
1889,[1]
1890,[1]
1891,[1]
1892,[1]
1893,[1]
1894,[]
1895,[1]
1896,[1]
1897,[]
1898,[1]
1899,[1]
1900,[1]
1901,[1]
1902,[1]
1903,[1]
1904,[1]
1905,[1]
1906,[1]
1907,[]
1908,[1]
1909,[1]
1910,[1]
1911,[1]
1912,[1]
1913,[1]
1914,[1]
1915,[1]
1916,[1]
1917,[]
1918,[1]
1919,[1]
1920,[]
1921,[1]
1922,[1]
1923,[]
1924,[1]
1925,[]
1926,[1]
1927,[1]
1928,[1]
1929,[]
1930,[1]
1931,[1]
1932,[1]
1933,[1]
1934,[]
1935,[1]
1936,[1]
1937,[1]
1938,[]
1939,[]
1940,[1]
1941,[1]
1942,[1]
1943,[1]
1944,[1]
1945,[1]
1946,[1]
1947,[1]
1948,[]
1949,[1]
1950,[1]
1951,[1]
1952,[1]
1953,[1]
1954,[1]
1955,[]
1956,[1]
1957,[1]
1958,[1]
1959,[1]
1960,[1]
1961,[1]
1962,[1]
1963,[1]
1964,[1]
1965,[1]
1966,[1]
1967,[1]
1968,[1]
1969,[1]
1970,[]
1971,[1]
1972,[1]
1973,[]
1974,[]
1975,[]
1976,[1]
1977,[1]
1978,[1]
1979,[]
1980,[1]
1981,[1]
1982,[1]
1983,[1]
1984,[]
1985,[1]
1986,[1]
1987,[1]
1988,[1]
1989,[1]
1990,[1]
1991,[]
1992,[1]
1993,[]
1994,[1]
1995,[1]
1996,[1]
1997,[]
1998,[1]
1999,[1]
2000,[1]
2001,[1]
2002,[]
2003,[1]
2004,[1]
2005,[]
2006,[1]
2007,[1]
2008,[]
2009,[1]
2010,[1]
2011,[1]
2012,[1]
2013,[1]
2014,[1]
2015,[1]
2016,[1]
2017,[1]
2018,[]
2019,[1]
2020,[1]
2021,[]
2022,[1]
2023,[1]
2024,[]
2025,[1]
2026,[]
2027,[]
2028,[]
2029,[1]
2030,[1]
2031,[]
2032,[1]
2033,[1]
2034,[1]
2035,[1]
2036,[]
2037,[1]
2038,[]
2039,[1]
2040,[]
2041,[1]
2042,[1]
2043,[1]
2044,[1]
2045,[]
2046,[]
2047,[1]
2048,[]
2049,[1]
2050,[1]
2051,[]
2052,[]
2053,[]
2054,[1]
2055,[1]
2056,[1]
2057,[1]
2058,[1]
2059,[1]
2060,[1]
2061,[1]
2062,[1]
2063,[1]
2064,[1]
2065,[1]
2066,[1]
2067,[]
2068,[1]
2069,[1]
2070,[]
2071,[1]
2072,[1]
2073,[1]
2074,[1]
2075,[1]
2076,[1]
2077,[]
2078,[]
2079,[1]
2080,[1]
2081,[]
2082,[]
2083,[1]
2084,[1]
2085,[]
2086,[1]
2087,[]
2088,[1]
2089,[]
2090,[]
2091,[1]
2092,[]
2093,[1]
2094,[1]
2095,[]
2096,[1]
2097,[1]
2098,[1]
2099,[1]
2100,[1]
2101,[1]
2102,[1]
2103,[]
2104,[1]
2105,[]
2106,[]
2107,[]
2108,[1]
2109,[1]
2110,[1]
2111,[1]
2112,[1]
2113,[]
2114,[1]
2115,[1]
2116,[1]
2117,[]
2118,[1]
2119,[1]
2120,[1]
2121,[1]
2122,[1]
2123,[1]
2124,[1]
2125,[]
2126,[]
2127,[1]
2128,[1]
2129,[]
2130,[1]
2131,[]
2132,[1]
2133,[]
2134,[1]
2135,[1]
2136,[1]
2137,[1]
2138,[1]
2139,[1]
2140,[1]
2141,[1]
2142,[1]
2143,[1]
2144,[]
2145,[1]
2146,[]
2147,[1]
2148,[1]
2149,[1]
2150,[]
2151,[1]
2152,[1]
2153,[1]
2154,[1]
2155,[1]
2156,[]
2157,[1]
2158,[]
2159,[]
2160,[1]
2161,[]
2162,[1]
2163,[1]
2164,[1]
2165,[1]
2166,[]
2167,[1]
2168,[1]
2169,[1]
2170,[1]
2171,[1]
2172,[]
2173,[]
2174,[1]
2175,[1]
2176,[1]
2177,[1]
2178,[1]
2179,[]
2180,[1]
2181,[1]
2182,[1]
2183,[1]
2184,[1]
2185,[]
2186,[]
2187,[1]
2188,[]
2189,[1]
2190,[1]
2191,[1]
2192,[1]
2193,[1]
2194,[]
2195,[1]
2196,[1]
2197,[1]
2198,[1]
2199,[1]
2200,[1]
2201,[1]
2202,[]
2203,[1]
2204,[]
2205,[]
2206,[1]
2207,[]
2208,[1]
2209,[1]
2210,[1]
2211,[]
2212,[]
2213,[1]
2214,[1]
2215,[]
2216,[1]
2217,[1]
2218,[1]
2219,[1]
2220,[1]
2221,[1]
2222,[1]
2223,[1]
2224,[1]
2225,[1]
2226,[1]
2227,[]
2228,[1]
2229,[1]
2230,[1]
2231,[1]
2232,[1]
2233,[1]
2234,[1]
2235,[1]
2236,[]
2237,[1]
2238,[]
2239,[1]
2240,[1]
2241,[]
2242,[1]
2243,[1]
2244,[]
2245,[1]
2246,[1]
2247,[1]
2248,[1]
2249,[]
2250,[1]
2251,[1]
2252,[1]
2253,[1]
2254,[1]
2255,[1]
2256,[]
2257,[1]
2258,[1]
2259,[1]
2260,[1]
2261,[1]
2262,[1]
2263,[1]
2264,[1]
2265,[1]
2266,[1]
2267,[1]
2268,[1]
2269,[1]
2270,[1]
2271,[1]
2272,[1]
2273,[1]
2274,[]
2275,[1]
2276,[1]
2277,[1]
2278,[1]
2279,[1]
2280,[1]
2281,[1]
2282,[1]
2283,[1]
2284,[1]
2285,[]
2286,[1]
2287,[1]
2288,[]
2289,[1]
2290,[1]
2291,[1]
2292,[1]
2293,[1]
2294,[1]
2295,[1]
2296,[1]
2297,[]
2298,[]
2299,[1]
2300,[1]
2301,[1]
2302,[1]
2303,[1]
2304,[1]
2305,[]
2306,[]
2307,[]
2308,[]
2309,[1]
2310,[1]
2311,[]
2312,[1]
2313,[1]
2314,[1]
2315,[]
2316,[1]
2317,[]
2318,[1]
2319,[1]
2320,[1]
2321,[1]
2322,[1]
2323,[1]
2324,[]
2325,[1]
2326,[1]
2327,[]
2328,[]
2329,[]
2330,[]
2331,[1]
2332,[1]
2333,[1]
2334,[1]
2335,[]
2336,[1]
2337,[1]
2338,[]
2339,[]
2340,[]
2341,[1]
2342,[1]
2343,[1]
2344,[1]
2345,[]
2346,[1]
2347,[1]
2348,[1]
2349,[]
2350,[]
2351,[1]
2352,[1]
2353,[]
2354,[1]
2355,[1]
2356,[1]
2357,[1]
2358,[]
2359,[1]
2360,[]
2361,[]
2362,[]
2363,[1]
2364,[1]
2365,[1]
2366,[]
2367,[1]
2368,[]
2369,[1]
2370,[1]
2371,[1]
2372,[]
2373,[1]
2374,[]
2375,[1]
2376,[1]
2377,[1]
2378,[1]
2379,[1]
2380,[1]
2381,[1]
2382,[1]
2383,[1]
2384,[1]
2385,[1]
2386,[1]
2387,[1]
2388,[1]
2389,[1]
2390,[]
2391,[1]
2392,[1]
2393,[1]
2394,[1]
2395,[1]
2396,[1]
2397,[]
2398,[]
2399,[1]
2400,[]
2401,[]
2402,[1]
2403,[1]
2404,[]
2405,[1]
2406,[]
2407,[1]
2408,[1]
2409,[1]
2410,[1]
2411,[1]
2412,[1]
2413,[1]
2414,[1]
2415,[1]
2416,[1]
2417,[1]
2418,[1]
2419,[]
2420,[1]
2421,[1]
2422,[1]
2423,[1]
2424,[]
2425,[]
2426,[]
2427,[]
2428,[1]
2429,[1]
2430,[]
2431,[]
2432,[1]
2433,[1]
2434,[]
2435,[1]
2436,[1]
2437,[]
2438,[]
2439,[1]
2440,[1]
2441,[]
2442,[1]
2443,[1]
2444,[1]
2445,[1]
2446,[1]
2447,[1]
2448,[]
2449,[1]
2450,[1]
2451,[1]
2452,[1]
2453,[]
2454,[1]
2455,[1]
2456,[1]
2457,[]
2458,[]
2459,[1]
2460,[1]
2461,[1]
2462,[1]
2463,[]
2464,[1]
2465,[1]
2466,[]
2467,[1]
2468,[1]
2469,[1]
2470,[1]
2471,[1]
2472,[1]
2473,[1]
2474,[1]
2475,[1]
2476,[1]
2477,[1]
2478,[1]
2479,[1]
2480,[1]
2481,[1]
2482,[1]
2483,[]
2484,[]
2485,[]
2486,[1]
2487,[1]
2488,[]
2489,[1]
2490,[1]
2491,[]
2492,[]
2493,[1]
2494,[1]
2495,[1]
2496,[1]
2497,[1]
2498,[]
2499,[1]
2500,[1]
2501,[]
2502,[]
2503,[]
2504,[]
2505,[]
2506,[]
2507,[]
2508,[]
2509,[]
2510,[]
2511,[]
2512,[]
2513,[]
2514,[]
2515,[]
2516,[]
2517,[]
2518,[]
2519,[]
2520,[]
2521,[]
2522,[]
2523,[]
2524,[]
2525,[]
2526,[]
2527,[1]
2528,[]
2529,[]
2530,[]
2531,[]
2532,[1]
2533,[]
2534,[]
2535,[]
2536,[]
2537,[1]
2538,[]
2539,[]
2540,[]
2541,[]
2542,[]
2543,[]
2544,[]
2545,[]
2546,[]
2547,[]
2548,[]
2549,[]
2550,[]
2551,[]
2552,[]
2553,[]
2554,[]
2555,[]
2556,[]
2557,[]
2558,[]
2559,[]
2560,[]
2561,[]
2562,[]
2563,[]
2564,[]
2565,[]
2566,[]
2567,[]
2568,[]
2569,[]
2570,[1]
2571,[]
2572,[]
2573,[]
2574,[]
2575,[]
2576,[]
2577,[]
2578,[]
2579,[]
2580,[]
2581,[]
2582,[]
2583,[]
2584,[]
2585,[]
2586,[]
2587,[]
2588,[]
2589,[]
2590,[]
2591,[]
2592,[]
2593,[]
2594,[]
2595,[]
2596,[]
2597,[]
2598,[]
2599,[]
2600,[]
2601,[]
2602,[]
2603,[]
2604,[]
2605,[]
2606,[]
2607,[]
2608,[]
2609,[]
2610,[]
2611,[]
2612,[]
2613,[]
2614,[]
2615,[]
2616,[]
2617,[]
2618,[]
2619,[]
2620,[]
2621,[]
2622,[]
2623,[]
2624,[]
2625,[]
2626,[]
2627,[]
2628,[]
2629,[]
2630,[]
2631,[]
2632,[]
2633,[]
2634,[]
2635,[]
2636,[]
2637,[]
2638,[]
2639,[]
2640,[]
2641,[]
2642,[]
2643,[]
2644,[]
2645,[]
2646,[]
2647,[]
2648,[]
2649,[]
2650,[]
2651,[]
2652,[]
2653,[]
2654,[]
2655,[]
2656,[]
2657,[]
2658,[]
2659,[]
2660,[]
2661,[]
2662,[]
2663,[]
2664,[]
2665,[]
2666,[]
2667,[]
2668,[]
2669,[]
2670,[]
2671,[]
2672,[]
2673,[]
2674,[]
2675,[]
2676,[]
2677,[]
2678,[]
2679,[]
2680,[]
2681,[]
2682,[]
2683,[]
2684,[]
2685,[]
2686,[]
2687,[]
2688,[]
2689,[]
2690,[]
2691,[]
2692,[]
2693,[]
2694,[]
2695,[]
2696,[]
2697,[]
2698,[]
2699,[]
2700,[]
2701,[]
2702,[]
2703,[]
2704,[]
2705,[]
2706,[]
2707,[]
2708,[]
2709,[]
2710,[]
2711,[]
2712,[]
2713,[]
2714,[]
2715,[]
2716,[]
2717,[]
2718,[]
2719,[]
2720,[]
2721,[]
2722,[]
2723,[]
2724,[]
2725,[1]
2726,[]
2727,[]
2728,[]
2729,[]
2730,[]
2731,[]
2732,[]
2733,[]
2734,[]
2735,[]
2736,[]
2737,[]
2738,[]
2739,[]
2740,[]
2741,[]
2742,[]
2743,[]
2744,[]
2745,[]
2746,[]
2747,[]
2748,[]
2749,[]
2750,[]
2751,[]
2752,[]
2753,[]
2754,[]
2755,[]
2756,[]
2757,[]
2758,[]
2759,[]
2760,[]
2761,[]
2762,[]
2763,[]
2764,[]
2765,[]
2766,[]
2767,[]
2768,[]
2769,[]
2770,[]
2771,[]
2772,[]
2773,[1]
2774,[]
2775,[]
2776,[]
2777,[]
2778,[]
2779,[]
2780,[]
2781,[]
2782,[]
2783,[]
2784,[]
2785,[]
2786,[]
2787,[1]
2788,[]
2789,[]
2790,[]
2791,[]
2792,[]
2793,[]
2794,[]
2795,[]
2796,[]
2797,[]
2798,[]
2799,[]
2800,[]
2801,[]
2802,[]
2803,[]
2804,[]
2805,[]
2806,[]
2807,[]
2808,[]
2809,[]
2810,[]
2811,[]
2812,[]
2813,[]
2814,[]
2815,[]
2816,[]
2817,[]
2818,[]
2819,[]
2820,[]
2821,[]
2822,[]
2823,[]
2824,[]
2825,[]
2826,[]
2827,[]
2828,[]
2829,[]
2830,[]
2831,[]
2832,[]
2833,[]
2834,[]
2835,[]
2836,[]
2837,[]
2838,[]
2839,[]
2840,[]
2841,[]
2842,[]
2843,[]
2844,[]
2845,[]
2846,[]
2847,[]
2848,[]
2849,[]
2850,[]
2851,[]
2852,[]
2853,[]
2854,[]
2855,[]
2856,[]
2857,[]
2858,[]
2859,[]
2860,[]
2861,[]
2862,[]
2863,[]
2864,[]
2865,[]
2866,[]
2867,[1]
2868,[]
2869,[]
2870,[]
2871,[]
2872,[]
2873,[]
2874,[]
2875,[]
2876,[]
2877,[]
2878,[]
2879,[]
2880,[]
2881,[]
2882,[]
2883,[]
2884,[]
2885,[]
2886,[]
2887,[]
2888,[]
2889,[]
2890,[]
2891,[]
2892,[]
2893,[]
2894,[]
2895,[]
2896,[]
2897,[]
2898,[]
2899,[]
2900,[]
2901,[]
2902,[]
2903,[]
2904,[]
2905,[]
2906,[]
2907,[]
2908,[]
2909,[]
2910,[]
2911,[]
2912,[]
2913,[]
2914,[]
2915,[]
2916,[]
2917,[]
2918,[]
2919,[]
2920,[]
2921,[]
2922,[]
2923,[]
2924,[]
2925,[]
2926,[]
2927,[]
2928,[]
2929,[]
2930,[1]
2931,[]
2932,[]
2933,[]
2934,[]
2935,[]
2936,[]
2937,[]
2938,[]
2939,[]
2940,[]
2941,[]
2942,[]
2943,[]
2944,[]
2945,[]
2946,[]
2947,[]
2948,[]
2949,[]
2950,[]
2951,[]
2952,[]
2953,[]
2954,[]
2955,[]
2956,[]
2957,[]
2958,[]
2959,[]
2960,[]
2961,[]
2962,[]
2963,[]
2964,[]
2965,[]
2966,[]
2967,[]
2968,[]
2969,[]
2970,[]
2971,[]
2972,[]
2973,[]
2974,[]
2975,[]
2976,[]
2977,[]
2978,[]
2979,[]
2980,[]
2981,[]
2982,[1]
2983,[]
2984,[]
2985,[]
2986,[]
2987,[]
2988,[]
2989,[]
2990,[]
2991,[]
2992,[]
2993,[]
2994,[]
2995,[]
2996,[]
2997,[]
2998,[]
2999,[]
3000,[]
3001,[]
3002,[]
3003,[1]
3004,[]
3005,[]
3006,[]
3007,[]
3008,[]
3009,[]
3010,[]
3011,[]
3012,[]
3013,[]
3014,[]
3015,[]
3016,[]
3017,[]
3018,[]
3019,[]
3020,[]
3021,[]
3022,[]
3023,[]
3024,[]
3025,[]
3026,[]
3027,[]
3028,[]
3029,[1]
3030,[]
3031,[]
3032,[]
3033,[]
3034,[]
3035,[]
3036,[]
3037,[]
3038,[]
3039,[]
3040,[]
3041,[]
3042,[]
3043,[]
3044,[]
3045,[]
3046,[]
3047,[]
3048,[]
3049,[]
3050,[]
3051,[]
3052,[]
3053,[]
3054,[]
3055,[]
3056,[]
3057,[]
3058,[]
3059,[]
3060,[]
3061,[]
3062,[]
3063,[]
3064,[]
3065,[]
3066,[]
3067,[]
3068,[]
3069,[]
3070,[1]
3071,[]
3072,[]
3073,[]
3074,[]
3075,[]
3076,[]
3077,[]
3078,[]
3079,[]
3080,[]
3081,[]
3082,[]
3083,[]
3084,[]
3085,[]
3086,[]
3087,[]
3088,[]
3089,[]
3090,[]
3091,[]
3092,[]
3093,[]
3094,[]
3095,[]
3096,[]
3097,[]
3098,[]
3099,[]
3100,[]
3101,[]
3102,[]
3103,[]
3104,[]
3105,[]
3106,[]
3107,[]
3108,[]
3109,[]
3110,[]
3111,[]
3112,[]
3113,[]
3114,[]
3115,[]
3116,[]
3117,[]
3118,[]
3119,[]
3120,[]
3121,[]
3122,[]
3123,[]
3124,[]
3125,[]
3126,[]
3127,[]
3128,[]
3129,[1]
3130,[]
3131,[]
3132,[]
3133,[]
3134,[]
3135,[]
3136,[]
3137,[]
3138,[]
3139,[]
3140,[]
3141,[]
3142,[]
3143,[]
3144,[]
3145,[]
3146,[]
3147,[]
3148,[]
3149,[]
3150,[]
3151,[]
3152,[]
3153,[]
3154,[]
3155,[]
3156,[]
3157,[]
3158,[]
3159,[]
3160,[]
3161,[]
3162,[]
3163,[]
3164,[]
3165,[]
3166,[]
3167,[]
3168,[]
3169,[]
3170,[]
3171,[]
3172,[]
3173,[]
3174,[]
3175,[]
3176,[]
3177,[]
3178,[]
3179,[]
3180,[]
3181,[]
3182,[]
3183,[]
3184,[]
3185,[1]
3186,[]
3187,[]
3188,[]
3189,[]
3190,[]
3191,[1]
3192,[]
3193,[]
3194,[]
3195,[]
3196,[]
3197,[]
3198,[]
3199,[]
3200,[]
3201,[]
3202,[]
3203,[]
3204,[]
3205,[]
3206,[]
3207,[]
3208,[]
3209,[]
3210,[]
3211,[]
3212,[]
3213,[1]
3214,[]
3215,[]
3216,[]
3217,[]
3218,[]
3219,[]
3220,[]
3221,[1]
3222,[]
3223,[]
3224,[]
3225,[]
3226,[]
3227,[]
3228,[]
3229,[]
3230,[]
3231,[]
3232,[1]
3233,[]
3234,[]
3235,[]
3236,[]
3237,[]
3238,[]
3239,[]
3240,[]
3241,[]
3242,[]
3243,[]
3244,[]
3245,[]
3246,[]
3247,[]
3248,[]
3249,[]
3250,[]
3251,[]
3252,[]
3253,[1]
3254,[]
3255,[]
3256,[]
3257,[]
3258,[]
3259,[]
3260,[]
3261,[]
3262,[]
3263,[]
3264,[]
3265,[]
3266,[]
3267,[]
3268,[]
3269,[]
3270,[]
3271,[]
3272,[]
3273,[]
3274,[]
3275,[]
3276,[]
3277,[]
3278,[]
3279,[]
3280,[]
3281,[1]
3282,[]
3283,[]
3284,[]
3285,[]
3286,[]
3287,[]
3288,[]
3289,[]
3290,[]
3291,[]
3292,[]
3293,[]
3294,[]
3295,[]
3296,[]
3297,[]
3298,[]
3299,[]
3300,[]
3301,[]
3302,[]
3303,[]
3304,[]
3305,[]
3306,[]
3307,[]
3308,[]
3309,[]
3310,[]
3311,[]
3312,[]
3313,[]
3314,[]
3315,[]
3316,[]
3317,[]
3318,[]
3319,[]
3320,[]
3321,[]
3322,[]
3323,[]
3324,[]
3325,[]
3326,[]
3327,[1]
3328,[]
3329,[]
3330,[]
3331,[]
3332,[]
3333,[]
3334,[]
3335,[]
3336,[]
3337,[]
3338,[]
3339,[1]
3340,[]
3341,[1]
3342,[]
3343,[1]
3344,[]
3345,[]
3346,[]
3347,[]
3348,[]
3349,[]
3350,[]
3351,[]
3352,[]
3353,[]
3354,[]
3355,[1]
3356,[]
3357,[]
3358,[]
3359,[]
3360,[]
3361,[]
3362,[]
3363,[]
3364,[]
3365,[]
3366,[]
3367,[]
3368,[]
3369,[]
3370,[]
3371,[]
3372,[]
3373,[]
3374,[]
3375,[]
3376,[]
3377,[]
3378,[]
3379,[]
3380,[]
3381,[]
3382,[]
3383,[]
3384,[]
3385,[]
3386,[]
3387,[1]
3388,[]
3389,[]
3390,[]
3391,[]
3392,[]
3393,[]
3394,[]
3395,[]
3396,[]
3397,[]
3398,[]
3399,[]
3400,[]
3401,[]
3402,[]
3403,[]
3404,[]
3405,[]
3406,[]
3407,[]
3408,[]
3409,[]
3410,[]
3411,[]
3412,[]
3413,[]
3414,[]
3415,[]
3416,[]
3417,[]
3418,[]
3419,[]
3420,[]
3421,[]
3422,[]
3423,[]
3424,[]
3425,[]
3426,[]
3427,[]
3428,[]
3429,[]
3430,[]
3431,[]
3432,[]
3433,[1]
3434,[]
3435,[]
3436,[]
3437,[]
3438,[]
3439,[1]
3440,[]
3441,[]
3442,[]
3443,[]
3444,[]
3445,[]
3446,[]
3447,[]
3448,[]
3449,[]
3450,[]
3451,[]
3452,[]
3453,[]
3454,[]
3455,[]
3456,[]
3457,[]
3458,[]
3459,[]
3460,[]
3461,[]
3462,[]
3463,[]
3464,[]
3465,[]
3466,[]
3467,[]
3468,[]
3469,[]
3470,[]
3471,[]
3472,[]
3473,[]
3474,[]
3475,[]
3476,[]
3477,[]
3478,[]
3479,[]
3480,[]
3481,[]
3482,[]
3483,[]
3484,[]
3485,[]
3486,[]
3487,[]
3488,[]
3489,[]
3490,[]
3491,[]
3492,[]
3493,[]
3494,[]
3495,[]
3496,[]
3497,[]
3498,[1]
3499,[]
3500,[]
3501,[]
3502,[]
3503,[]
3504,[]
3505,[]
3506,[]
3507,[]
3508,[]
3509,[]
3510,[]
3511,[]
3512,[]
3513,[]
3514,[]
3515,[]
3516,[]
3517,[]
3518,[]
3519,[1]
3520,[]
3521,[]
3522,[]
3523,[]
3524,[]
3525,[]
3526,[]
3527,[]
3528,[]
3529,[]
3530,[]
3531,[]
3532,[]
3533,[]
3534,[]
3535,[]
3536,[]
3537,[]
3538,[1]
3539,[]
3540,[]
3541,[]
3542,[1]
3543,[]
3544,[]
3545,[]
3546,[]
3547,[]
3548,[]
3549,[]
3550,[]
3551,[]
3552,[]
3553,[]
3554,[]
3555,[]
3556,[]
3557,[]
3558,[]
3559,[]
3560,[]
3561,[]
3562,[]
3563,[]
3564,[]
3565,[]
3566,[]
3567,[]
3568,[]
3569,[]
3570,[]
3571,[]
3572,[]
3573,[]
3574,[]
3575,[]
3576,[]
3577,[]
3578,[]
3579,[]
3580,[]
3581,[]
3582,[]
3583,[]
3584,[]
3585,[]
3586,[]
3587,[]
3588,[]
3589,[]
3590,[]
3591,[]
3592,[]
3593,[]
3594,[]
3595,[]
3596,[]
3597,[]
3598,[]
3599,[]
3600,[]
3601,[]
3602,[]
3603,[]
3604,[]
3605,[]
3606,[]
3607,[]
3608,[]
3609,[]
3610,[]
3611,[]
3612,[]
3613,[]
3614,[]
3615,[]
3616,[]
3617,[]
3618,[]
3619,[]
3620,[]
3621,[]
3622,[]
3623,[]
3624,[]
3625,[]
3626,[]
3627,[]
3628,[]
3629,[]
3630,[]
3631,[]
3632,[]
3633,[]
3634,[]
3635,[]
3636,[]
3637,[]
3638,[]
3639,[]
3640,[]
3641,[]
3642,[]
3643,[]
3644,[]
3645,[]
3646,[]
3647,[]
3648,[]
3649,[]
3650,[]
3651,[]
3652,[]
3653,[]
3654,[]
3655,[]
3656,[]
3657,[]
3658,[]
3659,[]
3660,[]
3661,[]
3662,[]
3663,[]
3664,[]
3665,[]
3666,[]
3667,[]
3668,[]
3669,[]
3670,[]
3671,[]
3672,[]
3673,[]
3674,[]
3675,[]
3676,[]
3677,[]
3678,[]
3679,[]
3680,[1]
3681,[]
3682,[]
3683,[]
3684,[]
3685,[]
3686,[]
3687,[]
3688,[]
3689,[]
3690,[]
3691,[]
3692,[]
3693,[]
3694,[1]
3695,[]
3696,[]
3697,[]
3698,[]
3699,[]
3700,[]
3701,[]
3702,[]
3703,[]
3704,[]
3705,[]
3706,[]
3707,[]
3708,[]
3709,[]
3710,[]
3711,[]
3712,[]
3713,[]
3714,[]
3715,[]
3716,[]
3717,[]
3718,[]
3719,[]
3720,[]
3721,[]
3722,[]
3723,[1]
3724,[]
3725,[]
3726,[]
3727,[]
3728,[]
3729,[]
3730,[]
3731,[]
3732,[]
3733,[]
3734,[]
3735,[]
3736,[]
3737,[]
3738,[]
3739,[]
3740,[]
3741,[]
3742,[]
3743,[]
3744,[]
3745,[]
3746,[]
3747,[]
3748,[]
3749,[1]
3750,[]
3751,[]
3752,[]
3753,[]
3754,[]
3755,[]
3756,[]
3757,[]
3758,[]
3759,[]
3760,[]
3761,[]
3762,[]
3763,[]
3764,[]
3765,[]
3766,[]
3767,[]
3768,[]
3769,[]
3770,[]
3771,[]
3772,[]
3773,[]
3774,[]
3775,[]
3776,[]
3777,[]
3778,[]
3779,[]
3780,[]
3781,[]
3782,[]
3783,[]
3784,[]
3785,[]
3786,[]
3787,[]
3788,[]
3789,[]
3790,[]
3791,[]
3792,[]
3793,[]
3794,[]
3795,[]
3796,[]
3797,[]
3798,[]
3799,[]
3800,[]
3801,[]
3802,[]
3803,[]
3804,[]
3805,[]
3806,[]
3807,[]
3808,[]
3809,[]
3810,[]
3811,[]
3812,[]
3813,[]
3814,[]
3815,[]
3816,[]
3817,[]
3818,[]
3819,[]
3820,[]
3821,[]
3822,[]
3823,[]
3824,[]
3825,[]
3826,[]
3827,[]
3828,[]
3829,[]
3830,[]
3831,[]
3832,[]
3833,[]
3834,[]
3835,[]
3836,[]
3837,[]
3838,[]
3839,[]
3840,[]
3841,[]
3842,[]
3843,[]
3844,[]
3845,[]
3846,[]
3847,[]
3848,[]
3849,[]
3850,[]
3851,[]
3852,[]
3853,[]
3854,[]
3855,[]
3856,[]
3857,[]
3858,[]
3859,[]
3860,[]
3861,[]
3862,[]
3863,[]
3864,[]
3865,[]
3866,[]
3867,[]
3868,[1]
3869,[]
3870,[]
3871,[]
3872,[]
3873,[]
3874,[]
3875,[]
3876,[]
3877,[]
3878,[]
3879,[]
3880,[]
3881,[]
3882,[]
3883,[]
3884,[]
3885,[]
3886,[]
3887,[]
3888,[]
3889,[1]
3890,[]
3891,[]
3892,[]
3893,[]
3894,[]
3895,[]
3896,[1]
3897,[]
3898,[]
3899,[]
3900,[]
3901,[]
3902,[]
3903,[]
3904,[]
3905,[]
3906,[]
3907,[]
3908,[]
3909,[]
3910,[]
3911,[]
3912,[]
3913,[]
3914,[]
3915,[]
3916,[]
3917,[]
3918,[]
3919,[]
3920,[]
3921,[]
3922,[]
3923,[]
3924,[]
3925,[]
3926,[]
3927,[]
3928,[]
3929,[]
3930,[]
3931,[]
3932,[]
3933,[]
3934,[]
3935,[]
3936,[]
3937,[]
3938,[]
3939,[]
3940,[]
3941,[]
3942,[]
3943,[]
3944,[]
3945,[]
3946,[]
3947,[]
3948,[]
3949,[]
3950,[]
3951,[1]
3952,[]
3953,[]
3954,[]
3955,[]
3956,[]
3957,[]
3958,[]
3959,[]
3960,[]
3961,[]
3962,[]
3963,[]
3964,[]
3965,[]
3966,[]
3967,[]
3968,[]
3969,[]
3970,[]
3971,[]
3972,[]
3973,[]
3974,[]
3975,[]
3976,[]
3977,[]
3978,[]
3979,[]
3980,[]
3981,[]
3982,[]
3983,[]
3984,[]
3985,[]
3986,[]
3987,[]
3988,[]
3989,[]
3990,[]
3991,[]
3992,[]
3993,[]
3994,[]
3995,[]
3996,[]
3997,[]
3998,[]
3999,[]
4000,[]
4001,[]
4002,[]
4003,[]
4004,[]
4005,[]
4006,[]
4007,[]
4008,[]
4009,[]
4010,[]
4011,[]
4012,[]
4013,[]
4014,[]
4015,[]
4016,[]
4017,[]
4018,[]
4019,[]
4020,[]
4021,[]
4022,[]
4023,[]
4024,[]
4025,[]
4026,[]
4027,[]
4028,[]
4029,[]
4030,[]
4031,[]
4032,[]
4033,[]
4034,[]
4035,[]
4036,[]
4037,[]
4038,[]
4039,[]
4040,[]
4041,[]
4042,[]
4043,[]
4044,[]
4045,[]
4046,[]
4047,[]
4048,[]
4049,[]
4050,[]
4051,[]
4052,[]
4053,[]
4054,[]
4055,[]
4056,[]
4057,[]
4058,[]
4059,[]
4060,[]
4061,[]
4062,[]
4063,[]
4064,[]
4065,[]
4066,[]
4067,[]
4068,[]
4069,[]
4070,[]
4071,[]
4072,[]
4073,[]
4074,[]
4075,[]
4076,[]
4077,[]
4078,[]
4079,[]
4080,[]
4081,[]
4082,[]
4083,[]
4084,[]
4085,[]
4086,[]
4087,[]
4088,[]
4089,[]
4090,[]
4091,[]
4092,[]
4093,[]
4094,[]
4095,[]
4096,[]
4097,[]
4098,[]
4099,[]
4100,[]
4101,[]
4102,[]
4103,[]
4104,[]
4105,[]
4106,[]
4107,[]
4108,[]
4109,[]
4110,[]
4111,[]
4112,[]
4113,[]
4114,[]
4115,[]
4116,[]
4117,[]
4118,[]
4119,[1]
4120,[]
4121,[]
4122,[]
4123,[]
4124,[]
4125,[]
4126,[]
4127,[]
4128,[]
4129,[]
4130,[]
4131,[1]
4132,[]
4133,[]
4134,[]
4135,[]
4136,[]
4137,[]
4138,[]
4139,[]
4140,[]
4141,[]
4142,[]
4143,[]
4144,[]
4145,[]
4146,[]
4147,[]
4148,[]
4149,[]
4150,[]
4151,[]
4152,[]
4153,[1]
4154,[]
4155,[]
4156,[]
4157,[]
4158,[]
4159,[]
4160,[]
4161,[]
4162,[]
4163,[]
4164,[]
4165,[]
4166,[]
4167,[]
4168,[]
4169,[]
4170,[]
4171,[]
4172,[]
4173,[]
4174,[]
4175,[]
4176,[]
4177,[]
4178,[]
4179,[]
4180,[]
4181,[]
4182,[]
4183,[]
4184,[]
4185,[]
4186,[]
4187,[]
4188,[]
4189,[]
4190,[]
4191,[]
4192,[]
4193,[]
4194,[]
4195,[]
4196,[]
4197,[]
4198,[1]
4199,[]
4200,[]
4201,[]
4202,[]
4203,[]
4204,[]
4205,[]
4206,[]
4207,[]
4208,[]
4209,[]
4210,[1]
4211,[]
4212,[]
4213,[]
4214,[]
4215,[]
4216,[]
4217,[]
4218,[]
4219,[]
4220,[]
4221,[1]
4222,[]
4223,[]
4224,[]
4225,[]
4226,[]
4227,[]
4228,[]
4229,[]
4230,[]
4231,[]
4232,[]
4233,[]
4234,[]
4235,[]
4236,[]
4237,[1]
4238,[]
4239,[1]
4240,[]
4241,[]
4242,[]
4243,[]
4244,[]
4245,[]
4246,[]
4247,[]
4248,[]
4249,[]
4250,[]
4251,[]
4252,[]
4253,[]
4254,[]
4255,[]
4256,[]
4257,[]
4258,[]
4259,[]
4260,[]
4261,[]
4262,[]
4263,[]
4264,[]
4265,[]
4266,[]
4267,[1]
4268,[]
4269,[1]
4270,[]
4271,[]
4272,[]
4273,[]
4274,[]
4275,[]
4276,[]
4277,[1]
4278,[]
4279,[]
4280,[]
4281,[]
4282,[]
4283,[]
4284,[]
4285,[]
4286,[]
4287,[]
4288,[]
4289,[]
4290,[]
4291,[]
4292,[]
4293,[]
4294,[1]
4295,[]
4296,[]
4297,[]
4298,[]
4299,[]
4300,[]
4301,[]
4302,[]
4303,[]
4304,[]
4305,[]
4306,[]
4307,[]
4308,[]
4309,[]
4310,[]
4311,[]
4312,[]
4313,[]
4314,[]
4315,[]
4316,[]
4317,[]
4318,[]
4319,[]
4320,[]
4321,[]
4322,[]
4323,[]
4324,[]
4325,[]
4326,[]
4327,[]
4328,[]
4329,[]
4330,[]
4331,[]
4332,[]
4333,[1]
4334,[1]
4335,[]
4336,[]
4337,[]
4338,[]
4339,[]
4340,[]
4341,[]
4342,[]
4343,[]
4344,[1]
4345,[]
4346,[]
4347,[]
4348,[]
4349,[]
4350,[]
4351,[]
4352,[]
4353,[]
4354,[]
4355,[]
4356,[]
4357,[]
4358,[]
4359,[]
4360,[]
4361,[]
4362,[]
4363,[]
4364,[]
4365,[]
4366,[]
4367,[]
4368,[]
4369,[]
4370,[]
4371,[]
4372,[]
4373,[]
4374,[]
4375,[]
4376,[]
4377,[]
4378,[]
4379,[]
4380,[]
4381,[]
4382,[]
4383,[]
4384,[]
4385,[]
4386,[]
4387,[]
4388,[1]
4389,[]
4390,[]
4391,[]
4392,[]
4393,[]
4394,[]
4395,[]
4396,[]
4397,[1]
4398,[]
4399,[]
4400,[]
4401,[]
4402,[]
4403,[]
4404,[]
4405,[]
4406,[]
4407,[]
4408,[]
4409,[]
4410,[]
4411,[]
4412,[]
4413,[]
4414,[]
4415,[]
4416,[]
4417,[]
4418,[]
4419,[]
4420,[]
4421,[]
4422,[]
4423,[]
4424,[]
4425,[]
4426,[]
4427,[]
4428,[]
4429,[]
4430,[]
4431,[1]
4432,[]
4433,[]
4434,[]
4435,[]
4436,[]
4437,[]
4438,[]
4439,[]
4440,[]
4441,[]
4442,[]
4443,[1]
4444,[]
4445,[]
4446,[]
4447,[]
4448,[]
4449,[1]
4450,[]
4451,[]
4452,[]
4453,[]
4454,[]
4455,[]
4456,[]
4457,[]
4458,[]
4459,[]
4460,[]
4461,[]
4462,[]
4463,[]
4464,[]
4465,[]
4466,[]
4467,[]
4468,[]
4469,[]
4470,[]
4471,[]
4472,[]
4473,[]
4474,[]
4475,[]
4476,[]
4477,[]
4478,[]
4479,[]
4480,[]
4481,[]
4482,[]
4483,[]
4484,[]
4485,[]
4486,[]
4487,[]
4488,[]
4489,[]
4490,[]
4491,[]
4492,[]
4493,[]
4494,[]
4495,[]
4496,[]
4497,[]
4498,[]
4499,[]
4500,[]
4501,[]
4502,[]
4503,[]
4504,[]
4505,[]
4506,[]
4507,[]
4508,[]
4509,[]
4510,[]
4511,[]
4512,[]
4513,[]
4514,[]
4515,[]
4516,[]
4517,[]
4518,[]
4519,[]
4520,[1]
4521,[]
4522,[]
4523,[]
4524,[]
4525,[]
4526,[]
4527,[]
4528,[]
4529,[]
4530,[]
4531,[]
4532,[]
4533,[]
4534,[]
4535,[]
4536,[]
4537,[]
4538,[]
4539,[]
4540,[]
4541,[]
4542,[1]
4543,[]
4544,[]
4545,[]
4546,[]
4547,[]
4548,[]
4549,[]
4550,[]
4551,[]
4552,[]
4553,[]
4554,[]
4555,[]
4556,[]
4557,[]
4558,[]
4559,[]
4560,[1]
4561,[]
4562,[]
4563,[]
4564,[]
4565,[]
4566,[]
4567,[]
4568,[]
4569,[]
4570,[]
4571,[]
4572,[]
4573,[]
4574,[]
4575,[]
4576,[]
4577,[]
4578,[]
4579,[]
4580,[]
4581,[]
4582,[]
4583,[1]
4584,[]
4585,[]
4586,[]
4587,[]
4588,[]
4589,[]
4590,[]
4591,[]
4592,[]
4593,[]
4594,[]
4595,[]
4596,[]
4597,[]
4598,[]
4599,[]
4600,[]
4601,[]
4602,[]
4603,[]
4604,[]
4605,[]
4606,[]
4607,[]
4608,[]
4609,[]
4610,[]
4611,[1]
4612,[]
4613,[]
4614,[]
4615,[]
4616,[]
4617,[]
4618,[]
4619,[]
4620,[]
4621,[]
4622,[]
4623,[]
4624,[]
4625,[]
4626,[]
4627,[]
4628,[]
4629,[]
4630,[]
4631,[]
4632,[]
4633,[]
4634,[]
4635,[]
4636,[]
4637,[]
4638,[]
4639,[]
4640,[]
4641,[]
4642,[]
4643,[]
4644,[1]
4645,[]
4646,[]
4647,[]
4648,[]
4649,[]
4650,[]
4651,[]
4652,[]
4653,[]
4654,[]
4655,[]
4656,[]
4657,[]
4658,[]
4659,[]
4660,[]
4661,[]
4662,[]
4663,[]
4664,[]
4665,[]
4666,[]
4667,[]
4668,[]
4669,[]
4670,[]
4671,[]
4672,[]
4673,[]
4674,[]
4675,[]
4676,[]
4677,[]
4678,[]
4679,[]
4680,[]
4681,[]
4682,[]
4683,[]
4684,[]
4685,[]
4686,[]
4687,[]
4688,[]
4689,[]
4690,[]
4691,[]
4692,[]
4693,[]
4694,[]
4695,[]
4696,[]
4697,[]
4698,[]
4699,[]
4700,[]
4701,[]
4702,[]
4703,[]
4704,[]
4705,[]
4706,[]
4707,[]
4708,[]
4709,[]
4710,[]
4711,[]
4712,[]
4713,[]
4714,[]
4715,[]
4716,[]
4717,[1]
4718,[]
4719,[]
4720,[]
4721,[]
4722,[]
4723,[]
4724,[]
4725,[]
4726,[]
4727,[]
4728,[]
4729,[]
4730,[]
4731,[]
4732,[]
4733,[]
4734,[]
4735,[]
4736,[]
4737,[]
4738,[]
4739,[]
4740,[]
4741,[]
4742,[]
4743,[]
4744,[]
4745,[]
4746,[]
4747,[]
4748,[]
4749,[]
4750,[]
4751,[]
4752,[]
4753,[1]
4754,[]
4755,[]
4756,[]
4757,[]
4758,[1]
4759,[]
4760,[]
4761,[]
4762,[]
4763,[]
4764,[]
4765,[]
4766,[]
4767,[]
4768,[]
4769,[]
4770,[]
4771,[]
4772,[1]
4773,[]
4774,[]
4775,[]
4776,[]
4777,[]
4778,[]
4779,[1]
4780,[]
4781,[]
4782,[]
4783,[]
4784,[]
4785,[]
4786,[]
4787,[]
4788,[]
4789,[]
4790,[]
4791,[]
4792,[]
4793,[]
4794,[]
4795,[]
4796,[]
4797,[]
4798,[]
4799,[1]
4800,[]
4801,[]
4802,[]
4803,[]
4804,[]
4805,[]
4806,[]
4807,[]
4808,[]
4809,[]
4810,[]
4811,[]
4812,[]
4813,[]
4814,[]
4815,[]
4816,[]
4817,[]
4818,[]
4819,[]
4820,[]
4821,[]
4822,[]
4823,[]
4824,[]
4825,[]
4826,[]
4827,[]
4828,[]
4829,[]
4830,[]
4831,[]
4832,[]
4833,[]
4834,[]
4835,[]
4836,[]
4837,[]
4838,[]
4839,[]
4840,[]
4841,[]
4842,[]
4843,[]
4844,[]
4845,[]
4846,[]
4847,[]
4848,[]
4849,[]
4850,[]
4851,[]
4852,[]
4853,[]
4854,[]
4855,[]
4856,[]
4857,[]
4858,[]
4859,[]
4860,[]
4861,[]
4862,[]
4863,[]
4864,[]
4865,[]
4866,[]
4867,[]
4868,[]
4869,[]
4870,[1]
4871,[]
4872,[]
4873,[]
4874,[]
4875,[]
4876,[]
4877,[]
4878,[]
4879,[]
4880,[]
4881,[]
4882,[]
4883,[]
4884,[]
4885,[]
4886,[]
4887,[]
4888,[]
4889,[]
4890,[]
4891,[]
4892,[]
4893,[]
4894,[1]
4895,[]
4896,[]
4897,[]
4898,[]
4899,[]
4900,[]
4901,[]
4902,[]
4903,[]
4904,[]
4905,[]
4906,[]
4907,[]
4908,[]
4909,[]
4910,[]
4911,[]
4912,[]
4913,[]
4914,[]
4915,[]
4916,[]
4917,[]
4918,[]
4919,[]
4920,[]
4921,[]
4922,[]
4923,[]
4924,[]
4925,[]
4926,[]
4927,[]
4928,[]
4929,[]
4930,[]
4931,[]
4932,[]
4933,[]
4934,[]
4935,[]
4936,[]
4937,[]
4938,[]
4939,[]
4940,[]
4941,[]
4942,[]
4943,[]
4944,[]
4945,[]
4946,[]
4947,[]
4948,[]
4949,[]
4950,[]
4951,[]
4952,[]
4953,[]
4954,[]
4955,[]
4956,[]
4957,[]
4958,[]
4959,[1]
4960,[]
4961,[]
4962,[]
4963,[]
4964,[]
4965,[]
4966,[]
4967,[]
4968,[1]
4969,[]
4970,[]
4971,[]
4972,[]
4973,[1]
4974,[]
4975,[]
4976,[]
4977,[]
4978,[]
4979,[]
4980,[]
4981,[]
4982,[]
4983,[]
4984,[]
4985,[]
4986,[]
4987,[]
4988,[]
4989,[]
4990,[]
4991,[]
4992,[]
4993,[]
4994,[]
4995,[]
4996,[]
4997,[]
4998,[]
4999,[]
5000,[]
